timestamp,ip_origen,ip_destino,puerto_origen,puerto_destino,protocolo,tamano
1738812697.844571,Desconocido,Desconocido,N/A,N/A,Otro,42
1738812697.844588,Desconocido,Desconocido,N/A,N/A,Otro,42
1738812698.672089,192.168.1.7,190.99.74.45,43833,443,UDP,1288
1738812698.672138,192.168.1.7,190.99.74.45,43833,443,UDP,1292
1738812698.672941,192.168.1.7,190.99.74.45,43833,443,UDP,361
1738812698.677736,190.99.74.45,192.168.1.7,443,43833,UDP,166
1738812698.679905,190.99.74.45,192.168.1.7,443,43833,UDP,1288
1738812698.679906,190.99.74.45,192.168.1.7,443,43833,UDP,1292
1738812698.679956,190.99.74.45,192.168.1.7,443,43833,UDP,1292
1738812698.679973,192.168.1.7,190.99.74.45,43833,443,UDP,79
1738812698.680273,190.99.74.45,192.168.1.7,443,43833,UDP,1292
1738812698.681135,192.168.1.7,8.8.8.8,33928,53,UDP,103
1738812698.681239,192.168.1.7,8.8.8.8,51469,53,UDP,103
1738812698.681499,192.168.1.7,190.99.74.45,43833,443,UDP,75
1738812698.681779,190.99.74.45,192.168.1.7,443,43833,UDP,1292
1738812698.682456,190.99.74.45,192.168.1.7,443,43833,UDP,1292
1738812698.682456,190.99.74.45,192.168.1.7,443,43833,UDP,1292
1738812698.682533,190.99.74.45,192.168.1.7,443,43833,UDP,1292
1738812698.682892,190.99.74.45,192.168.1.7,443,43833,UDP,1292
1738812698.682892,190.99.74.45,192.168.1.7,443,43833,UDP,1292
1738812698.682955,192.168.1.7,190.99.74.45,43833,443,UDP,74
1738812698.683171,190.99.74.45,192.168.1.7,443,43833,UDP,1292
1738812698.683171,190.99.74.45,192.168.1.7,443,43833,UDP,1292
1738812698.684782,192.168.1.7,190.99.74.45,43833,443,UDP,75
1738812698.687535,190.99.74.45,192.168.1.7,443,43833,UDP,1292
1738812698.687535,190.99.74.45,192.168.1.7,443,43833,UDP,1292
1738812698.687892,190.99.74.45,192.168.1.7,443,43833,UDP,1292
1738812698.687892,190.99.74.45,192.168.1.7,443,43833,UDP,1292
1738812698.688252,190.99.74.45,192.168.1.7,443,43833,UDP,1292
1738812698.688252,190.99.74.45,192.168.1.7,443,43833,UDP,1292
1738812698.688624,190.99.74.45,192.168.1.7,443,43833,UDP,1292
1738812698.688625,190.99.74.45,192.168.1.7,443,43833,UDP,1292
1738812698.688736,192.168.1.7,190.99.74.45,43833,443,UDP,74
1738812698.688974,190.99.74.45,192.168.1.7,443,43833,UDP,1292
1738812698.688974,190.99.74.45,192.168.1.7,443,43833,UDP,1292
1738812698.689358,190.99.74.45,192.168.1.7,443,43833,UDP,1292
1738812698.689358,190.99.74.45,192.168.1.7,443,43833,UDP,1292
1738812698.689709,190.99.74.45,192.168.1.7,443,43833,UDP,1292
1738812698.689888,192.168.1.7,190.99.74.45,43833,443,UDP,74
1738812698.690183,190.99.74.45,192.168.1.7,443,43833,UDP,1292
1738812698.690502,190.99.74.45,192.168.1.7,443,43833,UDP,1292
1738812698.690502,190.99.74.45,192.168.1.7,443,43833,UDP,1292
1738812698.690799,190.99.74.45,192.168.1.7,443,43833,UDP,1292
1738812698.69128,190.99.74.45,192.168.1.7,443,43833,UDP,1292
1738812698.69128,190.99.74.45,192.168.1.7,443,43833,UDP,1292
1738812698.691367,190.99.74.45,192.168.1.7,443,43833,UDP,1292
1738812698.691379,192.168.1.7,190.99.74.45,43833,443,UDP,74
1738812698.691673,190.99.74.45,192.168.1.7,443,43833,UDP,1292
1738812698.691673,190.99.74.45,192.168.1.7,443,43833,UDP,1292
1738812698.69201,190.99.74.45,192.168.1.7,443,43833,UDP,1292
1738812698.69201,190.99.74.45,192.168.1.7,443,43833,UDP,1292
1738812698.692495,192.168.1.7,190.99.74.45,43833,443,UDP,74
1738812698.693564,190.99.74.45,192.168.1.7,443,43833,UDP,1292
1738812698.694033,190.99.74.45,192.168.1.7,443,43833,UDP,1292
1738812698.694033,190.99.74.45,192.168.1.7,443,43833,UDP,1292
1738812698.694327,190.99.74.45,192.168.1.7,443,43833,UDP,1292
1738812698.694327,190.99.74.45,192.168.1.7,443,43833,UDP,1292
1738812698.694623,190.99.74.45,192.168.1.7,443,43833,UDP,1292
1738812698.694623,190.99.74.45,192.168.1.7,443,43833,UDP,1292
1738812698.694698,192.168.1.7,190.99.74.45,43833,443,UDP,74
1738812698.694902,190.99.74.45,192.168.1.7,443,43833,UDP,1292
1738812698.695652,190.99.74.45,192.168.1.7,443,43833,UDP,1292
1738812698.695796,192.168.1.7,190.99.74.45,43833,443,UDP,74
1738812698.696085,190.99.74.45,192.168.1.7,443,43833,UDP,1292
1738812698.696085,190.99.74.45,192.168.1.7,443,43833,UDP,1292
1738812698.696412,190.99.74.45,192.168.1.7,443,43833,UDP,1292
1738812698.69781,192.168.1.7,190.99.74.45,43833,443,UDP,75
1738812698.698792,190.99.74.45,192.168.1.7,443,43833,UDP,1292
1738812698.698792,190.99.74.45,192.168.1.7,443,43833,UDP,1292
1738812698.698864,190.99.74.45,192.168.1.7,443,43833,UDP,1292
1738812698.69923,190.99.74.45,192.168.1.7,443,43833,UDP,1292
1738812698.69923,190.99.74.45,192.168.1.7,443,43833,UDP,1292
1738812698.699305,190.99.74.45,192.168.1.7,443,43833,UDP,1292
1738812698.699667,190.99.74.45,192.168.1.7,443,43833,UDP,1292
1738812698.699667,190.99.74.45,192.168.1.7,443,43833,UDP,1292
1738812698.699955,192.168.1.7,190.99.74.45,43833,443,UDP,74
1738812698.701274,8.8.8.8,192.168.1.7,53,51469,UDP,268
1738812698.701681,192.168.1.7,8.8.8.8,51935,53,UDP,113
1738812698.701979,190.99.74.45,192.168.1.7,443,43833,UDP,1292
1738812698.701997,190.99.74.45,192.168.1.7,443,43833,UDP,1292
1738812698.702368,190.99.74.45,192.168.1.7,443,43833,UDP,1292
1738812698.702369,190.99.74.45,192.168.1.7,443,43833,UDP,1292
1738812698.702665,190.99.74.45,192.168.1.7,443,43833,UDP,1292
1738812698.702665,190.99.74.45,192.168.1.7,443,43833,UDP,1292
1738812698.702958,190.99.74.45,192.168.1.7,443,43833,UDP,1292
1738812698.702958,190.99.74.45,192.168.1.7,443,43833,UDP,1292
1738812698.703088,192.168.1.7,190.99.74.45,43833,443,UDP,75
1738812698.703374,190.99.74.45,192.168.1.7,443,43833,UDP,1292
1738812698.703727,190.99.74.45,192.168.1.7,443,43833,UDP,1292
1738812698.703727,190.99.74.45,192.168.1.7,443,43833,UDP,1292
1738812698.704024,190.99.74.45,192.168.1.7,443,43833,UDP,1292
1738812698.704496,190.99.74.45,192.168.1.7,443,43833,UDP,1292
1738812698.704496,190.99.74.45,192.168.1.7,443,43833,UDP,1292
1738812698.704568,192.168.1.7,190.99.74.45,43833,443,UDP,75
1738812698.705386,190.99.74.45,192.168.1.7,443,43833,UDP,1292
1738812698.705386,190.99.74.45,192.168.1.7,443,43833,UDP,1292
1738812698.705881,8.8.8.8,192.168.1.7,53,33928,UDP,223
1738812698.705881,190.99.74.45,192.168.1.7,443,43833,UDP,1292
1738812698.7059,192.168.1.7,190.99.74.45,43833,443,UDP,75
1738812698.705962,190.99.74.45,192.168.1.7,443,43833,UDP,1292
1738812698.706659,190.99.74.45,192.168.1.7,443,43833,UDP,1292
1738812698.706659,190.99.74.45,192.168.1.7,443,43833,UDP,1292
1738812698.706727,190.99.74.45,192.168.1.7,443,43833,UDP,1292
1738812698.707088,190.99.74.45,192.168.1.7,443,43833,UDP,1292
1738812698.707088,190.99.74.45,192.168.1.7,443,43833,UDP,1292
1738812698.707133,192.168.1.7,190.99.74.45,43833,443,UDP,75
1738812698.707606,190.99.74.45,192.168.1.7,443,43833,UDP,1292
1738812698.707638,190.99.74.45,192.168.1.7,443,43833,UDP,1292
1738812698.709052,192.168.1.7,190.99.74.45,43833,443,UDP,76
1738812698.71054,190.99.74.45,192.168.1.7,443,43833,UDP,1292
1738812698.71054,190.99.74.45,192.168.1.7,443,43833,UDP,1292
1738812698.710899,190.99.74.45,192.168.1.7,443,43833,UDP,1292
1738812698.710899,190.99.74.45,192.168.1.7,443,43833,UDP,1292
1738812698.711266,190.99.74.45,192.168.1.7,443,43833,UDP,1292
1738812698.711266,190.99.74.45,192.168.1.7,443,43833,UDP,1292
1738812698.711638,190.99.74.45,192.168.1.7,443,43833,UDP,1292
1738812698.711638,190.99.74.45,192.168.1.7,443,43833,UDP,1292
1738812698.711739,192.168.1.7,190.99.74.45,43833,443,UDP,75
1738812698.711983,190.99.74.45,192.168.1.7,443,43833,UDP,1292
1738812698.711983,190.99.74.45,192.168.1.7,443,43833,UDP,1292
1738812698.712364,190.99.74.45,192.168.1.7,443,43833,UDP,1292
1738812698.712839,190.99.74.45,192.168.1.7,443,43833,UDP,1292
1738812698.712839,190.99.74.45,192.168.1.7,443,43833,UDP,1292
1738812698.712853,192.168.1.7,190.99.74.45,43833,443,UDP,75
1738812698.713659,190.99.74.45,192.168.1.7,443,43833,UDP,1292
1738812698.713659,190.99.74.45,192.168.1.7,443,43833,UDP,1292
1738812698.713734,190.99.74.45,192.168.1.7,443,43833,UDP,1292
1738812698.713997,192.168.1.7,190.99.74.45,43833,443,UDP,75
1738812698.714104,190.99.74.45,192.168.1.7,443,43833,UDP,1292
1738812698.714104,190.99.74.45,192.168.1.7,443,43833,UDP,1292
1738812698.714174,190.99.74.45,192.168.1.7,443,43833,UDP,1292
1738812698.71487,190.99.74.45,192.168.1.7,443,43833,UDP,1292
1738812698.71487,190.99.74.45,192.168.1.7,443,43833,UDP,1292
1738812698.715164,190.99.74.45,192.168.1.7,443,43833,UDP,1292
1738812698.715164,190.99.74.45,192.168.1.7,443,43833,UDP,1292
1738812698.715265,192.168.1.7,190.99.74.45,43833,443,UDP,80
1738812698.715436,190.99.74.45,192.168.1.7,443,43833,UDP,1292
1738812698.715931,190.99.74.45,192.168.1.7,443,43833,UDP,1292
1738812698.715931,190.99.74.45,192.168.1.7,443,43833,UDP,1292
1738812698.716002,190.99.74.45,192.168.1.7,443,43833,UDP,1292
1738812698.716383,192.168.1.7,190.99.74.45,43833,443,UDP,75
1738812698.718836,190.99.74.45,192.168.1.7,443,43833,UDP,1292
1738812698.718836,190.99.74.45,192.168.1.7,443,43833,UDP,1292
1738812698.71891,190.99.74.45,192.168.1.7,443,43833,UDP,1292
1738812698.71927,190.99.74.45,192.168.1.7,443,43833,UDP,1292
1738812698.720766,192.168.1.7,190.99.74.45,43833,443,UDP,76
1738812698.721106,190.99.74.45,192.168.1.7,443,43833,UDP,1292
1738812698.721439,190.99.74.45,192.168.1.7,443,43833,UDP,1292
1738812698.721439,190.99.74.45,192.168.1.7,443,43833,UDP,1292
1738812698.721732,190.99.74.45,192.168.1.7,443,43833,UDP,1292
1738812698.721733,190.99.74.45,192.168.1.7,443,43833,UDP,1292
1738812698.722033,190.99.74.45,192.168.1.7,443,43833,UDP,1292
1738812698.722034,190.99.74.45,192.168.1.7,443,43833,UDP,1292
1738812698.722239,192.168.1.7,190.99.74.45,43833,443,UDP,74
1738812698.722334,190.99.74.45,192.168.1.7,443,43833,UDP,1292
1738812698.722334,190.99.74.45,192.168.1.7,443,43833,UDP,1292
1738812698.722418,190.99.74.45,192.168.1.7,443,43833,UDP,1292
1738812698.722705,190.99.74.45,192.168.1.7,443,43833,UDP,1292
1738812698.722705,190.99.74.45,192.168.1.7,443,43833,UDP,1292
1738812698.723409,190.99.74.45,192.168.1.7,443,43833,UDP,1292
1738812698.723409,190.99.74.45,192.168.1.7,443,43833,UDP,1292
1738812698.723474,190.99.74.45,192.168.1.7,443,43833,UDP,1292
1738812698.723528,192.168.1.7,190.99.74.45,43833,443,UDP,74
1738812698.723815,190.99.74.45,192.168.1.7,443,43833,UDP,1292
1738812698.725176,192.168.1.7,192.168.1.10,44624,8009,TCP,176
1738812698.725257,192.168.1.7,190.99.74.45,43833,443,UDP,75
1738812698.725467,190.99.74.45,192.168.1.7,443,43833,UDP,1292
1738812698.725491,190.99.74.45,192.168.1.7,443,43833,UDP,1292
1738812698.725491,190.99.74.45,192.168.1.7,443,43833,UDP,1292
1738812698.725491,190.99.74.45,192.168.1.7,443,43833,UDP,1292
1738812698.725902,190.99.74.45,192.168.1.7,443,43833,UDP,1292
1738812698.725902,190.99.74.45,192.168.1.7,443,43833,UDP,1292
1738812698.726268,190.99.74.45,192.168.1.7,443,43833,UDP,1292
1738812698.726268,190.99.74.45,192.168.1.7,443,43833,UDP,1292
1738812698.726705,192.168.1.7,190.99.74.45,43833,443,UDP,74
1738812698.726914,190.99.74.45,192.168.1.7,443,43833,UDP,1292
1738812698.726914,190.99.74.45,192.168.1.7,443,43833,UDP,1292
1738812698.727821,190.99.74.45,192.168.1.7,443,43833,UDP,1292
1738812698.727821,190.99.74.45,192.168.1.7,443,43833,UDP,1292
1738812698.727891,190.99.74.45,192.168.1.7,443,43833,UDP,1292
1738812698.728077,192.168.1.7,190.99.74.45,43833,443,UDP,74
1738812698.729504,190.99.74.45,192.168.1.7,443,43833,UDP,1292
1738812698.729504,190.99.74.45,192.168.1.7,443,43833,UDP,1292
1738812698.729565,190.99.74.45,192.168.1.7,443,43833,UDP,1292
1738812698.729923,190.99.74.45,192.168.1.7,443,43833,UDP,1292
1738812698.729923,190.99.74.45,192.168.1.7,443,43833,UDP,1292
1738812698.730221,190.99.74.45,192.168.1.7,443,43833,UDP,1292
1738812698.730221,190.99.74.45,192.168.1.7,443,43833,UDP,1292
1738812698.730699,192.168.1.7,190.99.74.45,43833,443,UDP,74
1738812698.733419,190.99.74.45,192.168.1.7,443,43833,UDP,1292
1738812698.733419,190.99.74.45,192.168.1.7,443,43833,UDP,1292
1738812698.733486,190.99.74.45,192.168.1.7,443,43833,UDP,1292
1738812698.733844,190.99.74.45,192.168.1.7,443,43833,UDP,1292
1738812698.733844,190.99.74.45,192.168.1.7,443,43833,UDP,1292
1738812698.734145,190.99.74.45,192.168.1.7,443,43833,UDP,1292
1738812698.734145,190.99.74.45,192.168.1.7,443,43833,UDP,1292
1738812698.734228,190.99.74.45,192.168.1.7,443,43833,UDP,1292
1738812698.734594,190.99.74.45,192.168.1.7,443,43833,UDP,1292
1738812698.734594,190.99.74.45,192.168.1.7,443,43833,UDP,1292
1738812698.734667,190.99.74.45,192.168.1.7,443,43833,UDP,1292
1738812698.734738,192.168.1.7,190.99.74.45,43833,443,UDP,74
1738812698.735024,190.99.74.45,192.168.1.7,443,43833,UDP,1292
1738812698.735024,190.99.74.45,192.168.1.7,443,43833,UDP,1292
1738812698.735329,190.99.74.45,192.168.1.7,443,43833,UDP,1292
1738812698.735329,190.99.74.45,192.168.1.7,443,43833,UDP,1292
1738812698.735405,190.99.74.45,192.168.1.7,443,43833,UDP,1292
1738812698.735963,192.168.1.10,192.168.1.7,8009,44624,TCP,176
1738812698.735986,192.168.1.7,192.168.1.10,44624,8009,TCP,66
1738812698.736157,192.168.1.7,190.99.74.45,43833,443,UDP,75
1738812698.737006,190.99.74.45,192.168.1.7,443,43833,UDP,1292
1738812698.737006,190.99.74.45,192.168.1.7,443,43833,UDP,1292
1738812698.737083,190.99.74.45,192.168.1.7,443,43833,UDP,1292
1738812698.737447,190.99.74.45,192.168.1.7,443,43833,UDP,1292
1738812698.737447,190.99.74.45,192.168.1.7,443,43833,UDP,1292
1738812698.737747,190.99.74.45,192.168.1.7,443,43833,UDP,1292
1738812698.737747,190.99.74.45,192.168.1.7,443,43833,UDP,1292
1738812698.73804,190.99.74.45,192.168.1.7,443,43833,UDP,1292
1738812698.73804,190.99.74.45,192.168.1.7,443,43833,UDP,1292
1738812698.738172,192.168.1.7,190.99.74.45,43833,443,UDP,75
1738812698.738318,190.99.74.45,192.168.1.7,443,43833,UDP,1292
1738812698.738318,190.99.74.45,192.168.1.7,443,43833,UDP,1292
1738812698.738632,190.99.74.45,192.168.1.7,443,43833,UDP,1292
1738812698.738632,190.99.74.45,192.168.1.7,443,43833,UDP,1292
1738812698.738933,190.99.74.45,192.168.1.7,443,43833,UDP,1292
1738812698.738933,190.99.74.45,192.168.1.7,443,43833,UDP,1292
1738812698.739006,190.99.74.45,192.168.1.7,443,43833,UDP,1292
1738812698.739325,192.168.1.7,190.99.74.45,43833,443,UDP,75
1738812698.739387,190.99.74.45,192.168.1.7,443,43833,UDP,1292
1738812698.739387,190.99.74.45,192.168.1.7,443,43833,UDP,1292
1738812698.739451,190.99.74.45,192.168.1.7,443,43833,UDP,1292
1738812698.739811,190.99.74.45,192.168.1.7,443,43833,UDP,1292
1738812698.74037,190.99.74.45,192.168.1.7,443,43833,UDP,1292
1738812698.74037,190.99.74.45,192.168.1.7,443,43833,UDP,1292
1738812698.740507,192.168.1.7,190.99.74.45,43833,443,UDP,75
1738812698.741875,190.99.74.45,192.168.1.7,443,43833,UDP,1292
1738812698.741876,190.99.74.45,192.168.1.7,443,43833,UDP,1292
1738812698.741937,190.99.74.45,192.168.1.7,443,43833,UDP,1292
1738812698.742063,192.168.1.7,190.99.74.45,43833,443,UDP,75
1738812698.742284,190.99.74.45,192.168.1.7,443,43833,UDP,1292
1738812698.742285,190.99.74.45,192.168.1.7,443,43833,UDP,1292
1738812698.742597,190.99.74.45,192.168.1.7,443,43833,UDP,1292
1738812698.742597,190.99.74.45,192.168.1.7,443,43833,UDP,1292
1738812698.742673,190.99.74.45,192.168.1.7,443,43833,UDP,1292
1738812698.743167,192.168.1.7,190.99.74.45,43833,443,UDP,75
1738812698.744415,190.99.74.45,192.168.1.7,443,43833,UDP,1292
1738812698.744415,190.99.74.45,192.168.1.7,443,43833,UDP,1292
1738812698.744493,190.99.74.45,192.168.1.7,443,43833,UDP,1292
1738812698.74485,190.99.74.45,192.168.1.7,443,43833,UDP,1292
1738812698.74485,190.99.74.45,192.168.1.7,443,43833,UDP,1292
1738812698.745146,190.99.74.45,192.168.1.7,443,43833,UDP,1292
1738812698.745146,190.99.74.45,192.168.1.7,443,43833,UDP,1292
1738812698.74544,190.99.74.45,192.168.1.7,443,43833,UDP,1292
1738812698.74544,190.99.74.45,192.168.1.7,443,43833,UDP,1292
1738812698.745561,192.168.1.7,190.99.74.45,43833,443,UDP,75
1738812698.745729,190.99.74.45,192.168.1.7,443,43833,UDP,1292
1738812698.745729,190.99.74.45,192.168.1.7,443,43833,UDP,1292
1738812698.746038,190.99.74.45,192.168.1.7,443,43833,UDP,1292
1738812698.746038,190.99.74.45,192.168.1.7,443,43833,UDP,1292
1738812698.746115,190.99.74.45,192.168.1.7,443,43833,UDP,1292
1738812698.74675,192.168.1.7,190.99.74.45,43833,443,UDP,75
1738812698.746822,190.99.74.45,192.168.1.7,443,43833,UDP,1292
1738812698.746822,190.99.74.45,192.168.1.7,443,43833,UDP,1292
1738812698.748547,192.168.1.7,190.99.74.45,43833,443,UDP,76
1738812698.749615,190.99.74.45,192.168.1.7,443,43833,UDP,1292
1738812698.749616,190.99.74.45,192.168.1.7,443,43833,UDP,1292
1738812698.749684,190.99.74.45,192.168.1.7,443,43833,UDP,1292
1738812698.750056,190.99.74.45,192.168.1.7,443,43833,UDP,1292
1738812698.750056,190.99.74.45,192.168.1.7,443,43833,UDP,1292
1738812698.75013,190.99.74.45,192.168.1.7,443,43833,UDP,1292
1738812698.750503,190.99.74.45,192.168.1.7,443,43833,UDP,1292
1738812698.750503,190.99.74.45,192.168.1.7,443,43833,UDP,1292
1738812698.750579,190.99.74.45,192.168.1.7,443,43833,UDP,1292
1738812698.750861,192.168.1.7,190.99.74.45,43833,443,UDP,75
1738812698.750954,190.99.74.45,192.168.1.7,443,43833,UDP,1292
1738812698.750954,190.99.74.45,192.168.1.7,443,43833,UDP,1292
1738812698.751022,190.99.74.45,192.168.1.7,443,43833,UDP,1292
1738812698.751385,190.99.74.45,192.168.1.7,443,43833,UDP,1292
1738812698.751385,190.99.74.45,192.168.1.7,443,43833,UDP,1292
1738812698.752017,190.99.74.45,192.168.1.7,443,43833,UDP,1292
1738812698.752018,190.99.74.45,192.168.1.7,443,43833,UDP,1292
1738812698.752213,192.168.1.7,190.99.74.45,43833,443,UDP,80
1738812698.753895,192.168.1.7,190.99.74.45,43833,443,UDP,76
1738812698.755099,190.99.74.45,192.168.1.7,443,43833,UDP,1292
1738812698.7551,190.99.74.45,192.168.1.7,443,43833,UDP,1292
1738812698.755168,190.99.74.45,192.168.1.7,443,43833,UDP,1292
1738812698.755529,190.99.74.45,192.168.1.7,443,43833,UDP,1292
1738812698.755529,190.99.74.45,192.168.1.7,443,43833,UDP,1292
1738812698.755835,190.99.74.45,192.168.1.7,443,43833,UDP,1292
1738812698.755835,190.99.74.45,192.168.1.7,443,43833,UDP,1292
1738812698.755903,190.99.74.45,192.168.1.7,443,43833,UDP,1292
1738812698.756272,190.99.74.45,192.168.1.7,443,43833,UDP,1292
1738812698.756272,190.99.74.45,192.168.1.7,443,43833,UDP,1292
1738812698.756386,192.168.1.7,190.99.74.45,43833,443,UDP,75
1738812698.756553,190.99.74.45,192.168.1.7,443,43833,UDP,1292
1738812698.758016,192.168.1.7,190.99.74.45,43833,443,UDP,76
1738812698.758329,190.99.74.45,192.168.1.7,443,43833,UDP,1292
1738812698.75833,190.99.74.45,192.168.1.7,443,43833,UDP,1292
1738812698.75833,190.99.74.45,192.168.1.7,443,43833,UDP,1292
1738812698.75833,190.99.74.45,192.168.1.7,443,43833,UDP,1292
1738812698.75833,190.99.74.45,192.168.1.7,443,43833,UDP,1292
1738812698.75833,190.99.74.45,192.168.1.7,443,43833,UDP,1292
1738812698.75833,190.99.74.45,192.168.1.7,443,43833,UDP,1292
1738812698.758623,190.99.74.45,192.168.1.7,443,43833,UDP,1292
1738812698.758623,190.99.74.45,192.168.1.7,443,43833,UDP,1292
1738812698.758994,190.99.74.45,192.168.1.7,443,43833,UDP,1292
1738812698.758994,190.99.74.45,192.168.1.7,443,43833,UDP,1292
1738812698.75908,192.168.1.7,190.99.74.45,43833,443,UDP,75
1738812698.759276,190.99.74.45,192.168.1.7,443,43833,UDP,1292
1738812698.759276,190.99.74.45,192.168.1.7,443,43833,UDP,1292
1738812698.759587,190.99.74.45,192.168.1.7,443,43833,UDP,1292
1738812698.759587,190.99.74.45,192.168.1.7,443,43833,UDP,1292
1738812698.75989,190.99.74.45,192.168.1.7,443,43833,UDP,1292
1738812698.75989,190.99.74.45,192.168.1.7,443,43833,UDP,1292
1738812698.759957,190.99.74.45,192.168.1.7,443,43833,UDP,1292
1738812698.760615,192.168.1.7,190.99.74.45,43833,443,UDP,76
1738812698.760926,190.99.74.45,192.168.1.7,443,43833,UDP,1292
1738812698.76171,190.99.74.45,192.168.1.7,443,43833,UDP,1292
1738812698.76171,190.99.74.45,192.168.1.7,443,43833,UDP,1292
1738812698.761773,190.99.74.45,192.168.1.7,443,43833,UDP,1292
1738812698.762133,190.99.74.45,192.168.1.7,443,43833,UDP,1292
1738812698.762133,190.99.74.45,192.168.1.7,443,43833,UDP,1292
1738812698.762139,192.168.1.7,190.99.74.45,43833,443,UDP,74
1738812698.76221,190.99.74.45,192.168.1.7,443,43833,UDP,1292
1738812698.762585,190.99.74.45,192.168.1.7,443,43833,UDP,1292
1738812698.762585,190.99.74.45,192.168.1.7,443,43833,UDP,1292
1738812698.762663,190.99.74.45,192.168.1.7,443,43833,UDP,1292
1738812698.763028,190.99.74.45,192.168.1.7,443,43833,UDP,1292
1738812698.763028,190.99.74.45,192.168.1.7,443,43833,UDP,1292
1738812698.763102,190.99.74.45,192.168.1.7,443,43833,UDP,1292
1738812698.763474,190.99.74.45,192.168.1.7,443,43833,UDP,1292
1738812698.763474,190.99.74.45,192.168.1.7,443,43833,UDP,1292
1738812698.763594,192.168.1.7,190.99.74.45,43833,443,UDP,74
1738812698.763899,190.99.74.45,192.168.1.7,443,43833,UDP,1292
1738812698.764238,190.99.74.45,192.168.1.7,443,43833,UDP,1292
1738812698.765667,192.168.1.7,190.99.74.45,43833,443,UDP,75
1738812698.767704,190.99.74.45,192.168.1.7,443,43833,UDP,1292
1738812698.767704,190.99.74.45,192.168.1.7,443,43833,UDP,1292
1738812698.768051,190.99.74.45,192.168.1.7,443,43833,UDP,1292
1738812698.768051,190.99.74.45,192.168.1.7,443,43833,UDP,1292
1738812698.768408,190.99.74.45,192.168.1.7,443,43833,UDP,1292
1738812698.768408,190.99.74.45,192.168.1.7,443,43833,UDP,1292
1738812698.768772,190.99.74.45,192.168.1.7,443,43833,UDP,1292
1738812698.768772,190.99.74.45,192.168.1.7,443,43833,UDP,1292
1738812698.768915,192.168.1.7,190.99.74.45,43833,443,UDP,74
1738812698.769121,190.99.74.45,192.168.1.7,443,43833,UDP,1292
1738812698.769122,190.99.74.45,192.168.1.7,443,43833,UDP,1292
1738812698.769497,190.99.74.45,192.168.1.7,443,43833,UDP,1292
1738812698.769497,190.99.74.45,192.168.1.7,443,43833,UDP,1292
1738812698.769862,190.99.74.45,192.168.1.7,443,43833,UDP,1292
1738812698.769862,190.99.74.45,192.168.1.7,443,43833,UDP,1292
1738812698.770005,192.168.1.7,190.99.74.45,43833,443,UDP,74
1738812698.770214,190.99.74.45,192.168.1.7,443,43833,UDP,1292
1738812698.771261,190.99.74.45,192.168.1.7,443,43833,UDP,1292
1738812698.771262,190.99.74.45,192.168.1.7,443,43833,UDP,1292
1738812698.771334,190.99.74.45,192.168.1.7,443,43833,UDP,1292
1738812698.771466,192.168.1.7,190.99.74.45,43833,443,UDP,74
1738812698.77168,190.99.74.45,192.168.1.7,443,43833,UDP,1292
1738812698.77168,190.99.74.45,192.168.1.7,443,43833,UDP,1292
1738812698.771989,190.99.74.45,192.168.1.7,443,43833,UDP,1292
1738812698.77199,190.99.74.45,192.168.1.7,443,43833,UDP,1292
1738812698.77228,190.99.74.45,192.168.1.7,443,43833,UDP,1292
1738812698.77228,190.99.74.45,192.168.1.7,443,43833,UDP,1292
1738812698.772576,190.99.74.45,192.168.1.7,443,43833,UDP,1292
1738812698.7727,192.168.1.7,190.99.74.45,43833,443,UDP,75
1738812698.776504,190.99.74.45,192.168.1.7,443,43833,UDP,1292
1738812698.776504,190.99.74.45,192.168.1.7,443,43833,UDP,1292
1738812698.776575,190.99.74.45,192.168.1.7,443,43833,UDP,1292
1738812698.776936,190.99.74.45,192.168.1.7,443,43833,UDP,1292
1738812698.776936,190.99.74.45,192.168.1.7,443,43833,UDP,1292
1738812698.77723,190.99.74.45,192.168.1.7,443,43833,UDP,1292
1738812698.77723,190.99.74.45,192.168.1.7,443,43833,UDP,1292
1738812698.777525,190.99.74.45,192.168.1.7,443,43833,UDP,1292
1738812698.777525,190.99.74.45,192.168.1.7,443,43833,UDP,1292
1738812698.777643,192.168.1.7,190.99.74.45,43833,443,UDP,75
1738812698.777809,190.99.74.45,192.168.1.7,443,43833,UDP,1292
1738812698.777809,190.99.74.45,192.168.1.7,443,43833,UDP,1292
1738812698.77812,190.99.74.45,192.168.1.7,443,43833,UDP,1292
1738812698.77812,190.99.74.45,192.168.1.7,443,43833,UDP,1292
1738812698.778414,190.99.74.45,192.168.1.7,443,43833,UDP,1292
1738812698.778414,190.99.74.45,192.168.1.7,443,43833,UDP,1292
1738812698.778711,190.99.74.45,192.168.1.7,443,43833,UDP,1292
1738812698.778711,190.99.74.45,192.168.1.7,443,43833,UDP,1292
1738812698.778772,192.168.1.7,190.99.74.45,43833,443,UDP,75
1738812698.778989,190.99.74.45,192.168.1.7,443,43833,UDP,1292
1738812698.778989,190.99.74.45,192.168.1.7,443,43833,UDP,1292
1738812698.779302,190.99.74.45,192.168.1.7,443,43833,UDP,1292
1738812698.779302,190.99.74.45,192.168.1.7,443,43833,UDP,1292
1738812698.7796,190.99.74.45,192.168.1.7,443,43833,UDP,1292
1738812698.7796,190.99.74.45,192.168.1.7,443,43833,UDP,1292
1738812698.779895,190.99.74.45,192.168.1.7,443,43833,UDP,1292
1738812698.779919,192.168.1.7,190.99.74.45,43833,443,UDP,75
1738812698.781314,192.168.1.7,190.99.74.45,43833,443,UDP,76
1738812698.785323,190.99.74.45,192.168.1.7,443,43833,UDP,1292
1738812698.785323,190.99.74.45,192.168.1.7,443,43833,UDP,1292
1738812698.785659,190.99.74.45,192.168.1.7,443,43833,UDP,1292
1738812698.785659,190.99.74.45,192.168.1.7,443,43833,UDP,1292
1738812698.786024,190.99.74.45,192.168.1.7,443,43833,UDP,1292
1738812698.786024,190.99.74.45,192.168.1.7,443,43833,UDP,1292
1738812698.786394,190.99.74.45,192.168.1.7,443,43833,UDP,1292
1738812698.786394,190.99.74.45,192.168.1.7,443,43833,UDP,1292
1738812698.786506,192.168.1.7,190.99.74.45,43833,443,UDP,75
1738812698.786741,190.99.74.45,192.168.1.7,443,43833,UDP,1292
1738812698.786741,190.99.74.45,192.168.1.7,443,43833,UDP,1292
1738812698.787125,190.99.74.45,192.168.1.7,443,43833,UDP,1292
1738812698.787126,190.99.74.45,192.168.1.7,443,43833,UDP,1292
1738812698.787486,190.99.74.45,192.168.1.7,443,43833,UDP,1292
1738812698.787487,190.99.74.45,192.168.1.7,443,43833,UDP,1292
1738812698.787589,192.168.1.7,190.99.74.45,43833,443,UDP,75
1738812698.787837,190.99.74.45,192.168.1.7,443,43833,UDP,1292
1738812698.787837,190.99.74.45,192.168.1.7,443,43833,UDP,1292
1738812698.788217,190.99.74.45,192.168.1.7,443,43833,UDP,1292
1738812698.788217,190.99.74.45,192.168.1.7,443,43833,UDP,1292
1738812698.788585,190.99.74.45,192.168.1.7,443,43833,UDP,1292
1738812698.788682,192.168.1.7,190.99.74.45,43833,443,UDP,75
1738812698.791239,190.99.74.45,192.168.1.7,443,43833,UDP,1292
1738812698.791239,190.99.74.45,192.168.1.7,443,43833,UDP,1292
1738812698.791239,190.99.74.45,192.168.1.7,443,43833,UDP,1292
1738812698.791239,190.99.74.45,192.168.1.7,443,43833,UDP,1292
1738812698.791239,190.99.74.45,192.168.1.7,443,43833,UDP,1292
1738812698.791294,190.99.74.45,192.168.1.7,443,43833,UDP,1292
1738812698.791657,190.99.74.45,192.168.1.7,443,43833,UDP,1292
1738812698.791658,190.99.74.45,192.168.1.7,443,43833,UDP,1292
1738812698.79195,190.99.74.45,192.168.1.7,443,43833,UDP,1292
1738812698.791951,190.99.74.45,192.168.1.7,443,43833,UDP,1292
1738812698.792091,192.168.1.7,190.99.74.45,43833,443,UDP,80
1738812698.79223,190.99.74.45,192.168.1.7,443,43833,UDP,1292
1738812698.79223,190.99.74.45,192.168.1.7,443,43833,UDP,1292
1738812698.792544,190.99.74.45,192.168.1.7,443,43833,UDP,1292
1738812698.792545,190.99.74.45,192.168.1.7,443,43833,UDP,1292
1738812698.792849,190.99.74.45,192.168.1.7,443,43833,UDP,1292
1738812698.792849,190.99.74.45,192.168.1.7,443,43833,UDP,1292
1738812698.792926,190.99.74.45,192.168.1.7,443,43833,UDP,1292
1738812698.793289,190.99.74.45,192.168.1.7,443,43833,UDP,1292
1738812698.79329,190.99.74.45,192.168.1.7,443,43833,UDP,1292
1738812698.793526,192.168.1.7,190.99.74.45,43833,443,UDP,75
1738812698.793586,190.99.74.45,192.168.1.7,443,43833,UDP,1292
1738812698.793586,190.99.74.45,192.168.1.7,443,43833,UDP,1292
1738812698.793665,190.99.74.45,192.168.1.7,443,43833,UDP,1292
1738812698.794024,190.99.74.45,192.168.1.7,443,43833,UDP,1292
1738812698.794024,190.99.74.45,192.168.1.7,443,43833,UDP,1292
1738812698.794315,190.99.74.45,192.168.1.7,443,43833,UDP,1292
1738812698.794315,190.99.74.45,192.168.1.7,443,43833,UDP,1292
1738812698.794603,190.99.74.45,192.168.1.7,443,43833,UDP,1292
1738812698.794755,192.168.1.7,190.99.74.45,43833,443,UDP,75
1738812698.794995,8.8.8.8,192.168.1.7,53,51935,UDP,184
1738812698.795586,192.168.1.7,20.42.65.90,40412,443,TCP,74
1738812698.796205,190.99.74.45,192.168.1.7,443,43833,UDP,1292
1738812698.796205,190.99.74.45,192.168.1.7,443,43833,UDP,1292
1738812698.796281,190.99.74.45,192.168.1.7,443,43833,UDP,1292
1738812698.79664,190.99.74.45,192.168.1.7,443,43833,UDP,1292
1738812698.797896,192.168.1.7,190.99.74.45,43833,443,UDP,76
1738812698.800143,190.99.74.45,192.168.1.7,443,43833,UDP,1292
1738812698.800144,190.99.74.45,192.168.1.7,443,43833,UDP,1292
1738812698.800144,190.99.74.45,192.168.1.7,443,43833,UDP,1292
1738812698.800144,190.99.74.45,192.168.1.7,443,43833,UDP,1292
1738812698.800144,190.99.74.45,192.168.1.7,443,43833,UDP,1292
1738812698.800144,190.99.74.45,192.168.1.7,443,43833,UDP,1292
1738812698.800144,190.99.74.45,192.168.1.7,443,43833,UDP,1292
1738812698.800144,190.99.74.45,192.168.1.7,443,43833,UDP,1292
1738812698.800378,190.99.74.45,192.168.1.7,443,43833,UDP,1292
1738812698.800379,190.99.74.45,192.168.1.7,443,43833,UDP,1292
1738812698.800379,190.99.74.45,192.168.1.7,443,43833,UDP,1292
1738812698.800404,190.99.74.45,192.168.1.7,443,43833,UDP,1292
1738812698.800405,190.99.74.45,192.168.1.7,443,43833,UDP,1292
1738812698.800405,190.99.74.45,192.168.1.7,443,43833,UDP,1292
1738812698.800405,190.99.74.45,192.168.1.7,443,43833,UDP,1292
1738812698.800405,190.99.74.45,192.168.1.7,443,43833,UDP,1292
1738812698.800405,190.99.74.45,192.168.1.7,443,43833,UDP,1292
1738812698.800405,190.99.74.45,192.168.1.7,443,43833,UDP,1292
1738812698.800405,190.99.74.45,192.168.1.7,443,43833,UDP,1292
1738812698.800491,192.168.1.7,190.99.74.45,43833,443,UDP,75
1738812698.800616,190.99.74.45,192.168.1.7,443,43833,UDP,1292
1738812698.800616,190.99.74.45,192.168.1.7,443,43833,UDP,1292
1738812698.80064,190.99.74.45,192.168.1.7,443,43833,UDP,1292
1738812698.80064,190.99.74.45,192.168.1.7,443,43833,UDP,1292
1738812698.800674,192.168.1.7,190.99.74.45,43833,443,UDP,75
1738812698.801014,190.99.74.45,192.168.1.7,443,43833,UDP,1292
1738812698.801015,190.99.74.45,192.168.1.7,443,43833,UDP,1292
1738812698.801311,190.99.74.45,192.168.1.7,443,43833,UDP,1292
1738812698.801311,190.99.74.45,192.168.1.7,443,43833,UDP,1292
1738812698.801608,190.99.74.45,192.168.1.7,443,43833,UDP,1292
1738812698.801608,190.99.74.45,192.168.1.7,443,43833,UDP,1292
1738812698.801761,192.168.1.7,190.99.74.45,43833,443,UDP,75
1738812698.801898,190.99.74.45,192.168.1.7,443,43833,UDP,1292
1738812698.801898,190.99.74.45,192.168.1.7,443,43833,UDP,1292
1738812698.802202,190.99.74.45,192.168.1.7,443,43833,UDP,1292
1738812698.802202,190.99.74.45,192.168.1.7,443,43833,UDP,1292
1738812698.802498,190.99.74.45,192.168.1.7,443,43833,UDP,1292
1738812698.802498,190.99.74.45,192.168.1.7,443,43833,UDP,1292
1738812698.802794,190.99.74.45,192.168.1.7,443,43833,UDP,1292
1738812698.802794,190.99.74.45,192.168.1.7,443,43833,UDP,1292
1738812698.803086,190.99.74.45,192.168.1.7,443,43833,UDP,1292
1738812698.803086,190.99.74.45,192.168.1.7,443,43833,UDP,1292
1738812698.803158,192.168.1.7,190.99.74.45,43833,443,UDP,74
1738812698.803388,190.99.74.45,192.168.1.7,443,43833,UDP,1292
1738812698.803388,190.99.74.45,192.168.1.7,443,43833,UDP,1292
1738812698.804668,192.168.1.7,190.99.74.45,43833,443,UDP,75
1738812698.809168,190.99.74.45,192.168.1.7,443,43833,UDP,1292
1738812698.809169,190.99.74.45,192.168.1.7,443,43833,UDP,1292
1738812698.809452,190.99.74.45,192.168.1.7,443,43833,UDP,1292
1738812698.809452,190.99.74.45,192.168.1.7,443,43833,UDP,1292
1738812698.809853,190.99.74.45,192.168.1.7,443,43833,UDP,1292
1738812698.809853,190.99.74.45,192.168.1.7,443,43833,UDP,1292
1738812698.810444,192.168.1.7,190.99.74.45,43833,443,UDP,75
1738812698.810503,190.99.74.45,192.168.1.7,443,43833,UDP,1292
1738812698.810503,190.99.74.45,192.168.1.7,443,43833,UDP,1292
1738812698.810553,190.99.74.45,192.168.1.7,443,43833,UDP,1292
1738812698.810553,190.99.74.45,192.168.1.7,443,43833,UDP,1292
1738812698.810955,190.99.74.45,192.168.1.7,443,43833,UDP,1292
1738812698.810956,190.99.74.45,192.168.1.7,443,43833,UDP,1292
1738812698.811326,190.99.74.45,192.168.1.7,443,43833,UDP,1292
1738812698.811326,190.99.74.45,192.168.1.7,443,43833,UDP,1292
1738812698.811691,190.99.74.45,192.168.1.7,443,43833,UDP,1292
1738812698.811695,192.168.1.7,190.99.74.45,43833,443,UDP,75
1738812698.811691,190.99.74.45,192.168.1.7,443,43833,UDP,1292
1738812698.812052,190.99.74.45,192.168.1.7,443,43833,UDP,1292
1738812698.812052,190.99.74.45,192.168.1.7,443,43833,UDP,1292
1738812698.812428,190.99.74.45,192.168.1.7,443,43833,UDP,1292
1738812698.812428,190.99.74.45,192.168.1.7,443,43833,UDP,1292
1738812698.812981,192.168.1.7,190.99.74.45,43833,443,UDP,75
1738812698.814191,190.99.74.45,192.168.1.7,443,43833,UDP,1292
1738812698.814192,190.99.74.45,192.168.1.7,443,43833,UDP,1292
1738812698.814192,190.99.74.45,192.168.1.7,443,43833,UDP,1292
1738812698.814192,190.99.74.45,192.168.1.7,443,43833,UDP,1292
1738812698.81425,190.99.74.45,192.168.1.7,443,43833,UDP,1292
1738812698.81425,190.99.74.45,192.168.1.7,443,43833,UDP,1292
1738812698.814325,190.99.74.45,192.168.1.7,443,43833,UDP,1292
1738812698.814654,190.99.74.45,192.168.1.7,443,43833,UDP,1292
1738812698.814654,190.99.74.45,192.168.1.7,443,43833,UDP,1292
1738812698.814982,190.99.74.45,192.168.1.7,443,43833,UDP,1292
1738812698.814982,190.99.74.45,192.168.1.7,443,43833,UDP,1292
1738812698.815073,192.168.1.7,190.99.74.45,43833,443,UDP,75
1738812698.815263,190.99.74.45,192.168.1.7,443,43833,UDP,1292
1738812698.815263,190.99.74.45,192.168.1.7,443,43833,UDP,1292
1738812698.815578,190.99.74.45,192.168.1.7,443,43833,UDP,1292
1738812698.815578,190.99.74.45,192.168.1.7,443,43833,UDP,1292
1738812698.815657,190.99.74.45,192.168.1.7,443,43833,UDP,1292
1738812698.81603,190.99.74.45,192.168.1.7,443,43833,UDP,1292
1738812698.816031,190.99.74.45,192.168.1.7,443,43833,UDP,1292
1738812698.816104,190.99.74.45,192.168.1.7,443,43833,UDP,1292
1738812698.81647,190.99.74.45,192.168.1.7,443,43833,UDP,1292
1738812698.816471,190.99.74.45,192.168.1.7,443,43833,UDP,1292
1738812698.816549,190.99.74.45,192.168.1.7,443,43833,UDP,1292
1738812698.816792,192.168.1.7,190.99.74.45,43833,443,UDP,75
1738812698.816919,190.99.74.45,192.168.1.7,443,43833,UDP,1292
1738812698.816919,190.99.74.45,192.168.1.7,443,43833,UDP,1292
1738812698.816964,192.168.1.7,190.99.74.45,43833,443,UDP,75
1738812698.81699,190.99.74.45,192.168.1.7,443,43833,UDP,1292
1738812698.817364,190.99.74.45,192.168.1.7,443,43833,UDP,1292
1738812698.821543,192.168.1.7,190.99.74.45,43833,443,UDP,76
1738812698.821795,190.99.74.45,192.168.1.7,443,43833,UDP,1292
1738812698.821795,190.99.74.45,192.168.1.7,443,43833,UDP,1292
1738812698.822066,190.99.74.45,192.168.1.7,443,43833,UDP,1292
1738812698.822066,190.99.74.45,192.168.1.7,443,43833,UDP,1292
1738812698.822066,190.99.74.45,192.168.1.7,443,43833,UDP,1292
1738812698.822066,190.99.74.45,192.168.1.7,443,43833,UDP,1292
1738812698.822448,190.99.74.45,192.168.1.7,443,43833,UDP,1292
1738812698.822448,190.99.74.45,192.168.1.7,443,43833,UDP,1292
1738812698.822537,190.99.74.45,192.168.1.7,443,43833,UDP,1292
1738812698.822913,190.99.74.45,192.168.1.7,443,43833,UDP,1292
1738812698.822914,190.99.74.45,192.168.1.7,443,43833,UDP,1292
1738812698.822956,190.99.74.45,192.168.1.7,443,43833,UDP,1292
1738812698.823308,192.168.1.7,190.99.74.45,43833,443,UDP,75
1738812698.823557,190.99.74.45,192.168.1.7,443,43833,UDP,1292
1738812698.823557,190.99.74.45,192.168.1.7,443,43833,UDP,1292
1738812698.823599,190.99.74.45,192.168.1.7,443,43833,UDP,1292
1738812698.823599,190.99.74.45,192.168.1.7,443,43833,UDP,1292
1738812698.823939,190.99.74.45,192.168.1.7,443,43833,UDP,1292
1738812698.823939,190.99.74.45,192.168.1.7,443,43833,UDP,1292
1738812698.824006,190.99.74.45,192.168.1.7,443,43833,UDP,1292
1738812698.824412,190.99.74.45,192.168.1.7,443,43833,UDP,1292
1738812698.824413,190.99.74.45,192.168.1.7,443,43833,UDP,1292
1738812698.824448,190.99.74.45,192.168.1.7,443,43833,UDP,1292
1738812698.824825,190.99.74.45,192.168.1.7,443,43833,UDP,1292
1738812698.824825,190.99.74.45,192.168.1.7,443,43833,UDP,1292
1738812698.824875,192.168.1.7,190.99.74.45,43833,443,UDP,75
1738812698.826304,192.168.1.7,190.99.74.45,43833,443,UDP,76
1738812698.841073,190.99.74.45,192.168.1.7,443,43833,UDP,1292
1738812698.841073,190.99.74.45,192.168.1.7,443,43833,UDP,1292
1738812698.841158,190.99.74.45,192.168.1.7,443,43833,UDP,1292
1738812698.841516,190.99.74.45,192.168.1.7,443,43833,UDP,1292
1738812698.841517,190.99.74.45,192.168.1.7,443,43833,UDP,1292
1738812698.841595,190.99.74.45,192.168.1.7,443,43833,UDP,1292
1738812698.841959,190.99.74.45,192.168.1.7,443,43833,UDP,1292
1738812698.841959,190.99.74.45,192.168.1.7,443,43833,UDP,1292
1738812698.842259,190.99.74.45,192.168.1.7,443,43833,UDP,1292
1738812698.842259,190.99.74.45,192.168.1.7,443,43833,UDP,1292
1738812698.842349,190.99.74.45,192.168.1.7,443,43833,UDP,1292
1738812698.842406,192.168.1.7,190.99.74.45,43833,443,UDP,75
1738812698.842689,190.99.74.45,192.168.1.7,443,43833,UDP,1292
1738812698.842689,190.99.74.45,192.168.1.7,443,43833,UDP,1292
1738812698.842994,190.99.74.45,192.168.1.7,443,43833,UDP,1292
1738812698.842995,190.99.74.45,192.168.1.7,443,43833,UDP,1292
1738812698.843076,190.99.74.45,192.168.1.7,443,43833,UDP,1292
1738812698.843439,190.99.74.45,192.168.1.7,443,43833,UDP,1292
1738812698.843439,190.99.74.45,192.168.1.7,443,43833,UDP,1292
1738812698.843551,192.168.1.7,190.99.74.45,43833,443,UDP,80
1738812698.843712,190.99.74.45,192.168.1.7,443,43833,UDP,1292
1738812698.843713,190.99.74.45,192.168.1.7,443,43833,UDP,1292
1738812698.844033,190.99.74.45,192.168.1.7,443,43833,UDP,1292
1738812698.844033,190.99.74.45,192.168.1.7,443,43833,UDP,1292
1738812698.844116,190.99.74.45,192.168.1.7,443,43833,UDP,1292
1738812698.844478,190.99.74.45,192.168.1.7,443,43833,UDP,1292
1738812698.844658,192.168.1.7,190.99.74.45,43833,443,UDP,75
1738812698.852277,190.99.74.45,192.168.1.7,443,43833,UDP,1292
1738812698.852277,190.99.74.45,192.168.1.7,443,43833,UDP,1292
1738812698.852635,190.99.74.45,192.168.1.7,443,43833,UDP,1292
1738812698.854196,192.168.1.7,190.99.74.45,43833,443,UDP,76
1738812698.859688,190.99.74.45,192.168.1.7,443,43833,UDP,1292
1738812698.859688,190.99.74.45,192.168.1.7,443,43833,UDP,1292
1738812698.859688,190.99.74.45,192.168.1.7,443,43833,UDP,1292
1738812698.859688,190.99.74.45,192.168.1.7,443,43833,UDP,1292
1738812698.859688,190.99.74.45,192.168.1.7,443,43833,UDP,1292
1738812698.859688,190.99.74.45,192.168.1.7,443,43833,UDP,1292
1738812698.859688,190.99.74.45,192.168.1.7,443,43833,UDP,1292
1738812698.859688,190.99.74.45,192.168.1.7,443,43833,UDP,1292
1738812698.859723,190.99.74.45,192.168.1.7,443,43833,UDP,1292
1738812698.859723,190.99.74.45,192.168.1.7,443,43833,UDP,1292
1738812698.859723,190.99.74.45,192.168.1.7,443,43833,UDP,1292
1738812698.859723,190.99.74.45,192.168.1.7,443,43833,UDP,1292
1738812698.859723,190.99.74.45,192.168.1.7,443,43833,UDP,1292
1738812698.859723,190.99.74.45,192.168.1.7,443,43833,UDP,1292
1738812698.859724,190.99.74.45,192.168.1.7,443,43833,UDP,1292
1738812698.859724,190.99.74.45,192.168.1.7,443,43833,UDP,1292
1738812698.859893,192.168.1.7,190.99.74.45,43833,443,UDP,75
1738812698.859955,190.99.74.45,192.168.1.7,443,43833,UDP,1292
1738812698.859955,190.99.74.45,192.168.1.7,443,43833,UDP,1292
1738812698.859955,190.99.74.45,192.168.1.7,443,43833,UDP,1292
1738812698.859955,190.99.74.45,192.168.1.7,443,43833,UDP,1292
1738812698.859955,190.99.74.45,192.168.1.7,443,43833,UDP,401
1738812698.859956,190.99.74.45,192.168.1.7,443,43833,UDP,72
1738812698.860017,192.168.1.7,190.99.74.45,43833,443,UDP,75
1738812698.861543,192.168.1.7,190.99.74.45,43833,443,UDP,76
1738812698.865144,192.168.1.7,190.99.74.45,43833,443,UDP,1288
1738812698.865179,192.168.1.7,190.99.74.45,43833,443,UDP,1292
1738812698.865193,192.168.1.7,190.99.74.45,43833,443,UDP,367
1738812698.913411,192.168.1.7,190.99.74.45,43833,443,UDP,73
1738812698.914794,190.99.74.45,192.168.1.7,443,43833,UDP,68
1738812698.914794,190.99.74.45,192.168.1.7,443,43833,UDP,94
1738812698.914794,190.99.74.45,192.168.1.7,443,43833,UDP,199
1738812698.914794,190.99.74.45,192.168.1.7,443,43833,UDP,65
1738812698.914794,20.42.65.90,192.168.1.7,443,40412,TCP,74
1738812698.914835,192.168.1.7,20.42.65.90,40412,443,TCP,66
1738812698.915271,192.168.1.7,20.42.65.90,40412,443,TCP,583
1738812698.917653,190.99.74.45,192.168.1.7,443,43833,UDP,69
1738812698.918716,192.168.1.7,190.99.74.45,43833,443,UDP,78
1738812698.923901,190.99.74.45,192.168.1.7,443,43833,UDP,68
1738812699.164079,20.42.65.90,192.168.1.7,443,40412,TCP,165
1738812699.164116,192.168.1.7,20.42.65.90,40412,443,TCP,66
1738812699.16522,192.168.1.7,20.42.65.90,40412,443,TCP,503
1738812699.258007,20.42.65.90,192.168.1.7,443,40412,TCP,1514
1738812699.258305,20.42.65.90,192.168.1.7,443,40412,TCP,1514
1738812699.258326,192.168.1.7,20.42.65.90,40412,443,TCP,66
1738812699.25861,20.42.65.90,192.168.1.7,443,40412,TCP,1702
1738812699.258618,192.168.1.7,20.42.65.90,40412,443,TCP,66
1738812699.260565,192.168.1.7,20.42.65.90,40412,443,TCP,1494
1738812699.260572,192.168.1.7,20.42.65.90,40412,443,TCP,483
1738812699.450109,20.42.65.90,192.168.1.7,443,40412,TCP,66
1738812699.450109,20.42.65.90,192.168.1.7,443,40412,TCP,169
1738812699.450109,20.42.65.90,192.168.1.7,443,40412,TCP,530
1738812699.450479,192.168.1.7,20.42.65.90,40412,443,TCP,66
1738812699.451073,192.168.1.7,20.42.65.90,40412,443,TCP,90
1738812699.451133,192.168.1.7,20.42.65.90,40412,443,TCP,66
1738812699.568266,20.42.65.90,192.168.1.7,443,40412,TCP,66
1738812700.372055,Desconocido,Desconocido,N/A,N/A,Otro,78
1738812700.372732,Desconocido,Desconocido,N/A,N/A,Otro,78
1738812700.473573,Desconocido,Desconocido,N/A,N/A,Otro,78
1738812700.474871,192.168.1.4,224.0.0.22,N/A,N/A,Otro,54
1738812700.524362,192.168.1.7,140.82.113.25,54556,443,TCP,66
1738812700.576653,Desconocido,Desconocido,N/A,N/A,Otro,86
1738812700.621136,140.82.113.25,192.168.1.7,443,54556,TCP,66
1738812700.680011,Desconocido,Desconocido,N/A,N/A,Otro,86
1738812700.782641,Desconocido,Desconocido,5353,5353,UDP,172
1738812700.783094,192.168.1.4,224.0.0.22,N/A,N/A,Otro,54
1738812701.49783,192.168.1.4,224.0.0.251,5353,5353,UDP,152
1738812701.49879,Desconocido,Desconocido,5353,5353,UDP,172
1738812701.605846,192.168.1.10,224.0.0.251,5353,5353,UDP,407
1738812701.704102,Desconocido,Desconocido,5353,5353,UDP,424
1738812701.706609,Desconocido,Desconocido,5353,5353,UDP,439
1738812702.521871,192.168.1.4,224.0.0.251,5353,5353,UDP,152
1738812702.522931,Desconocido,Desconocido,5353,5353,UDP,172
1738812702.625536,192.168.1.10,224.0.0.251,5353,5353,UDP,392
1738812702.627442,192.168.1.10,224.0.0.251,5353,5353,UDP,407
1738812702.730035,Desconocido,Desconocido,5353,5353,UDP,439
1738812703.44423,Desconocido,Desconocido,N/A,N/A,Otro,78
1738812703.444827,Desconocido,Desconocido,N/A,N/A,Otro,78
1738812703.445157,57.144.115.32,192.168.1.7,5222,33968,TCP,219
1738812703.445181,192.168.1.7,57.144.115.32,33968,5222,TCP,66
1738812703.457984,192.168.1.7,57.144.115.32,33968,5222,TCP,152
1738812703.545941,Desconocido,Desconocido,N/A,N/A,Otro,78
1738812703.6484,57.144.115.32,192.168.1.7,5222,33968,TCP,66
1738812703.736918,192.168.1.7,192.168.1.10,44624,8009,TCP,176
1738812703.853738,192.168.1.10,192.168.1.7,8009,44624,TCP,176
1738812703.853784,192.168.1.7,192.168.1.10,44624,8009,TCP,66
1738812703.955349,Desconocido,Desconocido,N/A,N/A,Otro,86
1738812703.956007,Desconocido,Desconocido,N/A,N/A,Otro,86
1738812704.059731,Desconocido,Desconocido,N/A,N/A,Otro,86
1738812704.249265,192.168.1.7,142.251.40.142,43009,443,UDP,881
1738812704.378537,142.251.40.142,192.168.1.7,443,43009,UDP,72
1738812704.389102,142.251.40.142,192.168.1.7,443,43009,UDP,109
1738812704.389103,142.251.40.142,192.168.1.7,443,43009,UDP,64
1738812704.404596,192.168.1.7,142.251.40.142,43009,443,UDP,79
1738812704.558194,142.251.40.142,192.168.1.7,443,43009,UDP,68
1738812704.875524,192.168.1.7,190.99.74.45,43833,443,UDP,1288
1738812704.875811,192.168.1.7,190.99.74.45,43833,443,UDP,1292
1738812704.876142,192.168.1.7,190.99.74.45,43833,443,UDP,370
1738812704.96667,192.168.1.7,190.99.74.45,43833,443,UDP,1288
1738812704.968141,190.99.74.45,192.168.1.7,443,43833,UDP,166
1738812704.968141,190.99.74.45,192.168.1.7,443,43833,UDP,1288
1738812704.968219,190.99.74.45,192.168.1.7,443,43833,UDP,1292
1738812704.968578,190.99.74.45,192.168.1.7,443,43833,UDP,1292
1738812704.968578,190.99.74.45,192.168.1.7,443,43833,UDP,1292
1738812704.968878,190.99.74.45,192.168.1.7,443,43833,UDP,1292
1738812704.968878,190.99.74.45,192.168.1.7,443,43833,UDP,1292
1738812704.969174,190.99.74.45,192.168.1.7,443,43833,UDP,1292
1738812704.969174,190.99.74.45,192.168.1.7,443,43833,UDP,1292
1738812704.969461,190.99.74.45,192.168.1.7,443,43833,UDP,1292
1738812704.969462,190.99.74.45,192.168.1.7,443,43833,UDP,1292
1738812704.96976,190.99.74.45,192.168.1.7,443,43833,UDP,1292
1738812704.96976,190.99.74.45,192.168.1.7,443,43833,UDP,1292
1738812704.97006,190.99.74.45,192.168.1.7,443,43833,UDP,1292
1738812704.97006,190.99.74.45,192.168.1.7,443,43833,UDP,1292
1738812704.970358,190.99.74.45,192.168.1.7,443,43833,UDP,1292
1738812704.970358,190.99.74.45,192.168.1.7,443,43833,UDP,1292
1738812704.970649,190.99.74.45,192.168.1.7,443,43833,UDP,1292
1738812704.970649,190.99.74.45,192.168.1.7,443,43833,UDP,1292
1738812704.970945,190.99.74.45,192.168.1.7,443,43833,UDP,1292
1738812704.970946,190.99.74.45,192.168.1.7,443,43833,UDP,1292
1738812704.971239,190.99.74.45,192.168.1.7,443,43833,UDP,1292
1738812704.97124,190.99.74.45,192.168.1.7,443,43833,UDP,1292
1738812704.97153,190.99.74.45,192.168.1.7,443,43833,UDP,1292
1738812704.972036,192.168.1.7,190.99.74.45,43833,443,UDP,78
1738812704.972318,192.168.1.7,190.99.74.45,43833,443,UDP,74
1738812704.972611,192.168.1.7,190.99.74.45,43833,443,UDP,74
1738812704.979361,190.99.74.45,192.168.1.7,443,43833,UDP,1292
1738812704.979361,190.99.74.45,192.168.1.7,443,43833,UDP,1292
1738812704.979675,190.99.74.45,192.168.1.7,443,43833,UDP,1292
1738812704.981225,192.168.1.7,190.99.74.45,43833,443,UDP,75
1738812704.984081,190.99.74.45,192.168.1.7,443,43833,UDP,1292
1738812704.984082,190.99.74.45,192.168.1.7,443,43833,UDP,1292
1738812704.984082,190.99.74.45,192.168.1.7,443,43833,UDP,1292
1738812704.984082,190.99.74.45,192.168.1.7,443,43833,UDP,1292
1738812704.984082,190.99.74.45,192.168.1.7,443,43833,UDP,1292
1738812704.984082,190.99.74.45,192.168.1.7,443,43833,UDP,1292
1738812704.984082,190.99.74.45,192.168.1.7,443,43833,UDP,1292
1738812704.984082,190.99.74.45,192.168.1.7,443,43833,UDP,1292
1738812704.984114,190.99.74.45,192.168.1.7,443,43833,UDP,1292
1738812704.984114,190.99.74.45,192.168.1.7,443,43833,UDP,1292
1738812704.984114,190.99.74.45,192.168.1.7,443,43833,UDP,1292
1738812704.984114,190.99.74.45,192.168.1.7,443,43833,UDP,1292
1738812704.984114,190.99.74.45,192.168.1.7,443,43833,UDP,1292
1738812704.984114,190.99.74.45,192.168.1.7,443,43833,UDP,1292
1738812704.984114,190.99.74.45,192.168.1.7,443,43833,UDP,1292
1738812704.984114,190.99.74.45,192.168.1.7,443,43833,UDP,1292
1738812704.984305,190.99.74.45,192.168.1.7,443,43833,UDP,1292
1738812704.984305,190.99.74.45,192.168.1.7,443,43833,UDP,1292
1738812704.984305,190.99.74.45,192.168.1.7,443,43833,UDP,1292
1738812704.984305,190.99.74.45,192.168.1.7,443,43833,UDP,1292
1738812704.984305,190.99.74.45,192.168.1.7,443,43833,UDP,1292
1738812704.984328,190.99.74.45,192.168.1.7,443,43833,UDP,1292
1738812704.984328,190.99.74.45,192.168.1.7,443,43833,UDP,1292
1738812704.984501,192.168.1.7,190.99.74.45,43833,443,UDP,74
1738812704.984634,190.99.74.45,192.168.1.7,443,43833,UDP,1292
1738812704.984634,190.99.74.45,192.168.1.7,443,43833,UDP,1292
1738812704.98474,192.168.1.7,190.99.74.45,43833,443,UDP,74
1738812704.984925,190.99.74.45,192.168.1.7,443,43833,UDP,1292
1738812704.984926,190.99.74.45,192.168.1.7,443,43833,UDP,1292
1738812704.985249,190.99.74.45,192.168.1.7,443,43833,UDP,1292
1738812704.985249,190.99.74.45,192.168.1.7,443,43833,UDP,1292
1738812704.985547,190.99.74.45,192.168.1.7,443,43833,UDP,1292
1738812704.985547,190.99.74.45,192.168.1.7,443,43833,UDP,1292
1738812704.985671,192.168.1.7,190.99.74.45,43833,443,UDP,74
1738812704.985821,190.99.74.45,192.168.1.7,443,43833,UDP,1292
1738812704.985821,190.99.74.45,192.168.1.7,443,43833,UDP,1219
1738812704.986131,190.99.74.45,192.168.1.7,443,43833,UDP,1285
1738812704.986131,190.99.74.45,192.168.1.7,443,43833,UDP,1292
1738812704.986427,190.99.74.45,192.168.1.7,443,43833,UDP,1292
1738812704.986427,190.99.74.45,192.168.1.7,443,43833,UDP,1292
1738812704.986725,190.99.74.45,192.168.1.7,443,43833,UDP,1292
1738812704.986725,190.99.74.45,192.168.1.7,443,43833,UDP,1292
1738812704.986834,192.168.1.7,190.99.74.45,43833,443,UDP,75
1738812704.987,190.99.74.45,192.168.1.7,443,43833,UDP,1292
1738812704.987,190.99.74.45,192.168.1.7,443,43833,UDP,1292
1738812704.987306,190.99.74.45,192.168.1.7,443,43833,UDP,1292
1738812704.988712,192.168.1.7,190.99.74.45,43833,443,UDP,76
1738812704.990669,190.99.74.45,192.168.1.7,443,43833,UDP,1292
1738812704.990669,190.99.74.45,192.168.1.7,443,43833,UDP,1292
1738812704.99103,190.99.74.45,192.168.1.7,443,43833,UDP,1292
1738812704.991031,190.99.74.45,192.168.1.7,443,43833,UDP,1292
1738812704.991399,190.99.74.45,192.168.1.7,443,43833,UDP,1292
1738812704.991399,190.99.74.45,192.168.1.7,443,43833,UDP,1292
1738812704.991761,190.99.74.45,192.168.1.7,443,43833,UDP,1292
1738812704.991761,190.99.74.45,192.168.1.7,443,43833,UDP,1292
1738812704.991861,192.168.1.7,190.99.74.45,43833,443,UDP,75
1738812704.992115,190.99.74.45,192.168.1.7,443,43833,UDP,1292
1738812704.992115,190.99.74.45,192.168.1.7,443,43833,UDP,1292
1738812704.992491,190.99.74.45,192.168.1.7,443,43833,UDP,1292
1738812704.992492,190.99.74.45,192.168.1.7,443,43833,UDP,1292
1738812704.992859,190.99.74.45,192.168.1.7,443,43833,UDP,1292
1738812704.992859,190.99.74.45,192.168.1.7,443,43833,UDP,1292
1738812704.99296,192.168.1.7,190.99.74.45,43833,443,UDP,75
1738812704.993205,190.99.74.45,192.168.1.7,443,43833,UDP,1292
1738812704.993205,190.99.74.45,192.168.1.7,443,43833,UDP,1292
1738812704.993586,190.99.74.45,192.168.1.7,443,43833,UDP,1292
1738812704.993587,190.99.74.45,192.168.1.7,443,43833,UDP,1292
1738812704.993954,190.99.74.45,192.168.1.7,443,43833,UDP,1292
1738812704.993954,190.99.74.45,192.168.1.7,443,43833,UDP,1292
1738812704.994049,192.168.1.7,190.99.74.45,43833,443,UDP,75
1738812704.995412,192.168.1.7,190.99.74.45,43833,443,UDP,76
1738812705.012685,190.99.74.45,192.168.1.7,443,43833,UDP,1292
1738812705.012685,190.99.74.45,192.168.1.7,443,43833,UDP,1292
1738812705.014167,192.168.1.7,190.99.74.45,43833,443,UDP,76
1738812705.032552,190.99.74.45,192.168.1.7,443,43833,UDP,1292
1738812705.032553,190.99.74.45,192.168.1.7,443,43833,UDP,1292
1738812705.034189,192.168.1.7,190.99.74.45,43833,443,UDP,76
1738812705.058822,190.99.74.45,192.168.1.7,443,43833,UDP,1292
1738812705.058823,190.99.74.45,192.168.1.7,443,43833,UDP,1292
1738812705.060433,192.168.1.7,190.99.74.45,43833,443,UDP,76
1738812705.07311,190.99.74.45,192.168.1.7,443,43833,UDP,1292
1738812705.073111,190.99.74.45,192.168.1.7,443,43833,UDP,1292
1738812705.074792,192.168.1.7,190.99.74.45,43833,443,UDP,76
1738812705.090986,192.168.1.7,190.99.74.45,43833,443,UDP,72
1738812705.091681,190.99.74.45,192.168.1.7,443,43833,UDP,1292
1738812705.091681,190.99.74.45,192.168.1.7,443,43833,UDP,1292
1738812705.093101,192.168.1.7,190.99.74.45,43833,443,UDP,76
1738812705.109134,190.99.74.45,192.168.1.7,443,43833,UDP,1292
1738812705.109135,190.99.74.45,192.168.1.7,443,43833,UDP,1292
1738812705.110602,192.168.1.7,190.99.74.45,43833,443,UDP,76
1738812705.118554,190.99.74.45,192.168.1.7,443,43833,UDP,1292
1738812705.118554,190.99.74.45,192.168.1.7,443,43833,UDP,1292
1738812705.118554,190.99.74.45,192.168.1.7,443,43833,UDP,69
1738812705.118629,190.99.74.45,192.168.1.7,443,43833,UDP,1292
1738812705.11883,192.168.1.7,190.99.74.45,43833,443,UDP,77
1738812705.118981,190.99.74.45,192.168.1.7,443,43833,UDP,1292
1738812705.118981,190.99.74.45,192.168.1.7,443,43833,UDP,1292
1738812705.119097,192.168.1.7,190.99.74.45,43833,443,UDP,76
1738812705.119171,192.168.1.7,190.99.74.45,43833,443,UDP,76
1738812705.119275,190.99.74.45,192.168.1.7,443,43833,UDP,1292
1738812705.119275,190.99.74.45,192.168.1.7,443,43833,UDP,1292
1738812705.119402,192.168.1.7,190.99.74.45,43833,443,UDP,76
1738812705.119571,190.99.74.45,192.168.1.7,443,43833,UDP,1292
1738812705.119571,190.99.74.45,192.168.1.7,443,43833,UDP,1292
1738812705.119886,190.99.74.45,192.168.1.7,443,43833,UDP,1292
1738812705.119886,190.99.74.45,192.168.1.7,443,43833,UDP,1292
1738812705.120189,190.99.74.45,192.168.1.7,443,43833,UDP,1292
1738812705.120189,190.99.74.45,192.168.1.7,443,43833,UDP,1292
1738812705.120264,190.99.74.45,192.168.1.7,443,43833,UDP,1292
1738812705.120498,192.168.1.7,190.99.74.45,43833,443,UDP,76
1738812705.120561,190.99.74.45,192.168.1.7,443,43833,UDP,1292
1738812705.120561,190.99.74.45,192.168.1.7,443,43833,UDP,1292
1738812705.120923,190.99.74.45,192.168.1.7,443,43833,UDP,1292
1738812705.120923,190.99.74.45,192.168.1.7,443,43833,UDP,1292
1738812705.121001,190.99.74.45,192.168.1.7,443,43833,UDP,1292
1738812705.121388,190.99.74.45,192.168.1.7,443,43833,UDP,1292
1738812705.121388,190.99.74.45,192.168.1.7,443,43833,UDP,1292
1738812705.121442,190.99.74.45,192.168.1.7,443,43833,UDP,1292
1738812705.121686,192.168.1.7,190.99.74.45,43833,443,UDP,76
1738812705.121786,190.99.74.45,192.168.1.7,443,43833,UDP,1292
1738812705.12243,190.99.74.45,192.168.1.7,443,43833,UDP,1292
1738812705.12243,190.99.74.45,192.168.1.7,443,43833,UDP,1292
1738812705.122731,190.99.74.45,192.168.1.7,443,43833,UDP,1292
1738812705.122731,190.99.74.45,192.168.1.7,443,43833,UDP,1292
1738812705.122809,190.99.74.45,192.168.1.7,443,43833,UDP,1292
1738812705.122864,192.168.1.7,190.99.74.45,43833,443,UDP,76
1738812705.12315,190.99.74.45,192.168.1.7,443,43833,UDP,1292
1738812705.12315,190.99.74.45,192.168.1.7,443,43833,UDP,1292
1738812705.123469,190.99.74.45,192.168.1.7,443,43833,UDP,1292
1738812705.123469,190.99.74.45,192.168.1.7,443,43833,UDP,1292
1738812705.12377,190.99.74.45,192.168.1.7,443,43833,UDP,1292
1738812705.12377,190.99.74.45,192.168.1.7,443,43833,UDP,1292
1738812705.123845,190.99.74.45,192.168.1.7,443,43833,UDP,1292
1738812705.125267,192.168.1.7,190.99.74.45,43833,443,UDP,77
1738812705.126379,190.99.74.45,192.168.1.7,443,43833,UDP,1292
1738812705.126379,190.99.74.45,192.168.1.7,443,43833,UDP,1292
1738812705.126682,190.99.74.45,192.168.1.7,443,43833,UDP,1292
1738812705.126682,190.99.74.45,192.168.1.7,443,43833,UDP,1292
1738812705.126757,190.99.74.45,192.168.1.7,443,43833,UDP,1292
1738812705.127117,190.99.74.45,192.168.1.7,443,43833,UDP,1292
1738812705.127118,190.99.74.45,192.168.1.7,443,43833,UDP,1292
1738812705.127413,190.99.74.45,192.168.1.7,443,43833,UDP,1292
1738812705.127413,190.99.74.45,192.168.1.7,443,43833,UDP,1292
1738812705.127587,192.168.1.7,190.99.74.45,43833,443,UDP,76
1738812705.127688,190.99.74.45,192.168.1.7,443,43833,UDP,1292
1738812705.127688,190.99.74.45,192.168.1.7,443,43833,UDP,1292
1738812705.128008,190.99.74.45,192.168.1.7,443,43833,UDP,1292
1738812705.128009,190.99.74.45,192.168.1.7,443,43833,UDP,1292
1738812705.128086,190.99.74.45,192.168.1.7,443,43833,UDP,1292
1738812705.128444,190.99.74.45,192.168.1.7,443,43833,UDP,1292
1738812705.128444,190.99.74.45,192.168.1.7,443,43833,UDP,1292
1738812705.128698,192.168.1.7,190.99.74.45,43833,443,UDP,76
1738812705.128748,190.99.74.45,192.168.1.7,443,43833,UDP,1292
1738812705.128748,190.99.74.45,192.168.1.7,443,43833,UDP,1292
1738812705.128825,190.99.74.45,192.168.1.7,443,43833,UDP,1292
1738812705.129184,190.99.74.45,192.168.1.7,443,43833,UDP,1292
1738812705.129184,190.99.74.45,192.168.1.7,443,43833,UDP,1292
1738812705.129478,190.99.74.45,192.168.1.7,443,43833,UDP,1292
1738812705.129478,190.99.74.45,192.168.1.7,443,43833,UDP,1292
1738812705.129768,190.99.74.45,192.168.1.7,443,43833,UDP,1292
1738812705.12987,192.168.1.7,190.99.74.45,43833,443,UDP,76
1738812705.131241,190.99.74.45,192.168.1.7,443,43833,UDP,1292
1738812705.131241,190.99.74.45,192.168.1.7,443,43833,UDP,1292
1738812705.131537,190.99.74.45,192.168.1.7,443,43833,UDP,1292
1738812705.131537,190.99.74.45,192.168.1.7,443,43833,UDP,1292
1738812705.13183,190.99.74.45,192.168.1.7,443,43833,UDP,1292
1738812705.13183,190.99.74.45,192.168.1.7,443,43833,UDP,1292
1738812705.133336,192.168.1.7,190.99.74.45,43833,443,UDP,77
1738812705.13533,190.99.74.45,192.168.1.7,443,43833,UDP,1292
1738812705.135331,190.99.74.45,192.168.1.7,443,43833,UDP,1292
1738812705.135407,190.99.74.45,192.168.1.7,443,43833,UDP,1292
1738812705.135692,190.99.74.45,192.168.1.7,443,43833,UDP,1292
1738812705.135692,190.99.74.45,192.168.1.7,443,43833,UDP,1292
1738812705.13607,190.99.74.45,192.168.1.7,443,43833,UDP,1292
1738812705.13607,190.99.74.45,192.168.1.7,443,43833,UDP,1292
1738812705.13607,190.99.74.45,192.168.1.7,443,43833,UDP,1292
1738812705.13607,190.99.74.45,192.168.1.7,443,43833,UDP,1292
1738812705.13607,190.99.74.45,192.168.1.7,443,43833,UDP,1292
1738812705.13615,190.99.74.45,192.168.1.7,443,43833,UDP,1292
1738812705.13615,190.99.74.45,192.168.1.7,443,43833,UDP,1292
1738812705.13615,190.99.74.45,192.168.1.7,443,43833,UDP,1292
1738812705.13615,190.99.74.45,192.168.1.7,443,43833,UDP,1292
1738812705.13615,190.99.74.45,192.168.1.7,443,43833,UDP,1292
1738812705.13615,190.99.74.45,192.168.1.7,443,43833,UDP,1292
1738812705.13615,190.99.74.45,192.168.1.7,443,43833,UDP,1292
1738812705.13615,190.99.74.45,192.168.1.7,443,43833,UDP,1292
1738812705.136262,192.168.1.7,190.99.74.45,43833,443,UDP,77
1738812705.136489,190.99.74.45,192.168.1.7,443,43833,UDP,1292
